{
  "model_type": "graphidyom",
  "config": {
    "k_folds": 5,
    "batch_size": 128,
    "epochs": 50,
    "learning_rate": 0.0005,
    "vocab_size": 3548,
    "sequence_length": 5
  },
  "fold_results": [
    {
      "fold": 1,
      "train_losses": [
        3.537114473683748,
        1.7844966076973219,
        1.6633163899888435,
        1.6126803818853528,
        1.5792661826607597,
        1.5552341534221454,
        1.536879116096354,
        1.5216045756714134,
        1.5093597810562343,
        1.4977989893030854,
        1.4894654542987107,
        1.4804827357882433,
        1.4737725192553377,
        1.4693831781373077,
        1.4624966862489692,
        1.457526434254676,
        1.4527127641817998,
        1.4487176772814758,
        1.4437388003540514,
        1.440182906604496,
        1.435653941717421,
        1.4316887714497624,
        1.4286063870932364,
        1.4251329319860095,
        1.4219239911581778,
        1.4188930265336375,
        1.4157984415591134,
        1.4130917440167399,
        1.4105233164831235,
        1.4077768481683315,
        1.4054579495789847,
        1.402317639157306,
        1.4008975054229034,
        1.3982993796337884,
        1.396703907145955,
        1.3942201217708374,
        1.3925239316850047,
        1.3909726730764729,
        1.389288729778114,
        1.3872232178822252,
        1.3861147193504895,
        1.3843688179517297,
        1.3833811596351424,
        1.3824995266248101,
        1.380473913321014,
        1.3802969504709113,
        1.379619582058632,
        1.3789742065693344,
        1.3790798752869051,
        1.37836625567112
      ],
      "val_losses": [
        1.9033271431922913,
        1.7005136871337891,
        1.6628231120109558,
        1.6169826060533523,
        1.608049862384796,
        1.604361470937729,
        1.584187297821045,
        1.576945025920868,
        1.5553948551416397,
        1.5662146300077437,
        1.5642592203617096,
        1.5486739474534987,
        1.5500550222396852,
        1.5438252395391465,
        1.5509873872995377,
        1.5426035529375077,
        1.5422292411327363,
        1.535125013589859,
        1.5377834898233413,
        1.534884038567543,
        1.5287499845027923,
        1.5313536769151688,
        1.5334254252910613,
        1.5231548738479614,
        1.5199334013462067,
        1.5237419706583024,
        1.5254235243797303,
        1.5242597222328187,
        1.524908014535904,
        1.5232524865865706,
        1.5198696911334992,
        1.5218705254793168,
        1.5164695870876312,
        1.5238414043188095,
        1.518991157412529,
        1.5157539337873458,
        1.5213720989227295,
        1.5218565052747726,
        1.5180862939357758,
        1.5271154761314392,
        1.5220603513717652,
        1.5160957717895507,
        1.5217500060796738,
        1.5184577012062073,
        1.5200009417533875,
        1.5146528834104538,
        1.5170791107416153,
        1.5194291806221008,
        1.5183292424678803,
        1.514471773505211
      ],
      "val_accuracies": [
        82.5078125,
        85.7421875,
        86.70703125,
        87.0546875,
        87.5703125,
        87.953125,
        88.46875,
        88.51171875,
        88.99609375,
        88.640625,
        89.14453125,
        89.140625,
        89.15625,
        89.52734375,
        89.359375,
        89.59375,
        89.56640625,
        89.77734375,
        89.76953125,
        89.6953125,
        89.765625,
        89.7578125,
        89.74609375,
        89.93359375,
        89.859375,
        89.96484375,
        90.01953125,
        90.0546875,
        90.07421875,
        90.09765625,
        90.15234375,
        90.1171875,
        90.046875,
        90.140625,
        90.21875,
        90.16015625,
        90.19140625,
        90.14453125,
        90.203125,
        90.234375,
        90.21875,
        90.1796875,
        90.1953125,
        90.19140625,
        90.1953125,
        90.171875,
        90.203125,
        90.1796875,
        90.20703125,
        90.1953125
      ],
      "test_accuracy": 90.03050298804781,
      "best_val_loss": 1.514471773505211,
      "best_val_accuracy": 90.234375,
      "num_epochs": 50
    },
    {
      "fold": 2,
      "train_losses": [
        3.5020472449650653,
        1.7756421193387708,
        1.6635142019944054,
        1.6132041569219282,
        1.581512721508259,
        1.5576320904426528,
        1.5408666653472787,
        1.5249799092115828,
        1.5127740488254267,
        1.5020283134016272,
        1.491733161925082,
        1.4847925804917275,
        1.4763734460916198,
        1.4706206652770748,
        1.465307644265675,
        1.4605756096940854,
        1.455252913282639,
        1.4500944088880032,
        1.446269254013432,
        1.44177130744288,
        1.4378882719303574,
        1.4344852518471212,
        1.4318608957091126,
        1.4280841282266163,
        1.4240048403757744,
        1.4211075095132755,
        1.418454883998239,
        1.4153990573336743,
        1.4127398943099405,
        1.4111468478721818,
        1.4080248602003713,
        1.4056885882302803,
        1.4033583344736253,
        1.4008920964684017,
        1.398730441909353,
        1.3965589195526997,
        1.3951800197622697,
        1.3931919156688533,
        1.3918637184247578,
        1.3901083607453932,
        1.3887949619316966,
        1.3868900034228713,
        1.385961947078871,
        1.3845592611011206
      ],
      "val_losses": [
        1.885641484260559,
        1.6993167328834533,
        1.6526491695642471,
        1.6249352031946183,
        1.5998738986253738,
        1.592573737502098,
        1.580591306090355,
        1.5702750968933106,
        1.569147647023201,
        1.5538894474506377,
        1.5600048476457595,
        1.5497997325658799,
        1.5428306019306184,
        1.5515352016687394,
        1.5393539828062057,
        1.5439976358413696,
        1.5441791325807572,
        1.5393835932016373,
        1.532746177315712,
        1.5243869733810425,
        1.5342284393310548,
        1.529664192199707,
        1.537671710252762,
        1.5317333561182023,
        1.5338282710313798,
        1.5318856948614121,
        1.5300679874420167,
        1.5245025712251663,
        1.5232128864526748,
        1.5283128279447555,
        1.5224280309677125,
        1.526897337436676,
        1.52464693069458,
        1.5179106044769286,
        1.519692867398262,
        1.5192608493566513,
        1.518264598250389,
        1.5202389937639236,
        1.5217693442106246,
        1.5228791648149491,
        1.5194606572389602,
        1.5249882382154465,
        1.5219773137569428,
        1.5222217702865601
      ],
      "val_accuracies": [
        83.3515625,
        85.72265625,
        86.8984375,
        86.8828125,
        88.0625,
        87.94140625,
        88.51953125,
        88.71484375,
        88.671875,
        89.3515625,
        88.796875,
        89.19921875,
        89.21484375,
        89.375,
        89.29296875,
        89.5234375,
        89.625,
        89.58203125,
        89.46484375,
        89.73046875,
        89.77734375,
        89.83203125,
        89.67578125,
        89.8828125,
        89.83984375,
        89.95703125,
        89.9765625,
        89.9609375,
        90.0546875,
        90.09375,
        90.015625,
        90.109375,
        90.078125,
        90.140625,
        90.11328125,
        90.0625,
        90.12109375,
        90.1875,
        90.1171875,
        90.12109375,
        90.109375,
        90.12109375,
        90.1796875,
        90.14453125
      ],
      "test_accuracy": 90.36354581673307,
      "best_val_loss": 1.5179106044769286,
      "best_val_accuracy": 90.1875,
      "num_epochs": 44
    },
    {
      "fold": 3,