{
  "model_type": "graphidyom",
  "config": {
    "k_folds": 5,
    "batch_size": 128,
    "epochs": 50,
    "learning_rate": 0.0005,
    "vocab_size": 3485,
    "sequence_length": 10
  },
  "fold_results": [
    {
      "fold": 1,
      "train_losses": [
        4.1459302663234086,
        1.806480776154056,
        1.5438580467479042,
        1.4710414366961095,
        1.4344399988224512,
        1.4121293375770916,
        1.3911782565720041,
        1.3788181745351642,
        1.3650929782726315,
        1.353150584248199,
        1.3447255103855542,
        1.3372815096292974,
        1.329617474983871,
        1.3253490680157427,
        1.3212977733134086,
        1.3162006583589358,
        1.3121711490831398,
        1.309997681217148,
        1.306358570415251,
        1.302973483798043,
        1.300552595771298,
        1.297252578211855,
        1.293533232160855,
        1.2926404763519905,
        1.2896690576343945,
        1.2876548340326277,
        1.2852034386700832,
        1.2827658582132015,
        1.2806048734660365,
        1.278939010988841,
        1.2769020212578603,
        1.2755669491956798,
        1.2737365693636327,
        1.2726051807403564,
        1.2712675563475397,
        1.2692857477147141,
        1.2681024006272272,
        1.2664949233890432,
        1.2657382064332257,
        1.2648684631384073,
        1.263783053168249,
        1.2625105415153048,
        1.2618679183764219,
        1.2614837933269492,
        1.2607589732491031,
        1.2600029083880149,
        1.2595286218533936,
        1.2594026492148425,
        1.2589774402058493,
        1.2586097853849498
      ],
      "val_losses": [
        2.197692926113422,
        1.6737867845938756,
        1.5685602529690816,
        1.5314790228238473,
        1.518063790523089,
        1.5057661338494375,
        1.5031965088385801,
        1.4827981086877675,
        1.4745648056268692,
        1.4667390619332974,
        1.466833743911523,
        1.4612234120185559,
        1.464219508262781,
        1.457813092149221,
        1.4442908477324705,
        1.4518461468128057,
        1.4362256137224345,
        1.4413681855568519,
        1.4420096037479548,
        1.4442575081036642,
        1.4353886441542552,
        1.4382216930389404,
        1.431631985765237,
        1.4350917545648723,
        1.4352721709471483,
        1.4354499383614614,
        1.4382093342450948,
        1.4386308605854328,
        1.4337478291529875,
        1.437537615115826,
        1.4292709185526922,
        1.4339950749507318,
        1.4371525507706862,
        1.4338228794244618,
        1.4297089794507394,
        1.4291756336505597,
        1.42884807403271,
        1.4332914295104833,
        1.425974420630015,
        1.433486867409486,
        1.4311466308740468,
        1.4278336385121713,
        1.4261628217422044,
        1.4292950928211212,
        1.4219108819961548,
        1.4238351812729468,
        1.4283933777075548,
        1.4271002515004232,
        1.4256900548934937,
        1.4283885004428716
      ],
      "val_accuracies": [
        85.17127403846153,
        90.94801682692308,
        92.3602764423077,
        93.07391826923077,
        93.62229567307692,
        93.81009615384616,
        93.9678485576923,
        94.15564903846153,
        94.22325721153847,
        94.28335336538461,
        94.67397836538461,
        94.22325721153847,
        94.47115384615384,
        94.54627403846153,
        94.52373798076923,
        94.71153846153847,
        94.71153846153847,
        94.8016826923077,
        94.9444110576923,
        94.77163461538461,
        94.7040264423077,
        94.82421875,
        94.91436298076923,
        94.74158653846153,
        94.96694711538461,
        94.96694711538461,
        94.96694711538461,
        94.85426682692308,
        94.85426682692308,
        94.921875,
        94.97445913461539,
        94.921875,
        94.80919471153847,
        94.87680288461539,
        94.96694711538461,
        94.92938701923077,
        94.9444110576923,
        95.02704326923077,
        95.02704326923077,
        95.01953125,
        95.02704326923077,
        94.921875,
        94.91436298076923,
        94.96694711538461,
        94.98197115384616,
        94.98948317307692,
        94.95943509615384,
        94.95192307692308,
        94.97445913461539,
        94.97445913461539
      ],
      "test_accuracy": 94.42986641221374,
      "best_val_loss": 1.4219108819961548,
      "best_val_accuracy": 95.02704326923077,
      "num_epochs": 50
    },
    {
      "fold": 2,
      "train_losses": [
        4.128795614675007,
        1.8069902354037848,
        1.5401546886826472,
        1.470536271256877,
        1.4339846807903207,
        1.4084546247359393,
        1.3918249077899358,
        1.3771995072717598,
        1.3638211611062645,
        1.3541962087581152,
        1.3450010573949336,
        1.3360823159570625,
        1.3302754684393616,
        1.3236315551976316,
        1.319866310725064,
        1.315150627372942,
        1.311537813742007,
        1.308563310377353,
        1.3047969059614122,
        1.301619908690168,
        1.2975763093884634,
        1.2955964857752398,
        1.2933202617777275,
        1.2909809735054616,
        1.2885416077543272,
        1.2860235337141306,
        1.2848921044060608,
        1.2817210838163098,
        1.2794172812191,
        1.2775907593296933,
        1.2762579363115079,
        1.2738593748475031,
        1.272780695223296,
        1.271180093430676,
        1.2698057343680988,
        1.2685281368314794,
        1.2669854294997696,
        1.2655782022453435,
        1.2642671427464998,
        1.263570156188455
      ],
      "val_losses": [
        2.1693263478004017,
        1.6730521390071282,
        1.5829716611367006,
        1.5542481381159563,
        1.5255607171700551,
        1.5284042335473573,
        1.5076508499108827,
        1.5030952394008636,
        1.4989812018779607,
        1.4874724264328296,
        1.486881489937122,
        1.4775422467635229,
        1.4746028505838835,
        1.4611022449456728,
        1.4794214471028402,
        1.4707333949896007,
        1.4708788360540683,
        1.4583336951640935,
        1.4609619401968443,
        1.4606830810125058,
        1.458885440459618,
        1.4616205933002324,
        1.464416192128108,
        1.455986181130776,
        1.4505608528852463,
        1.4502966048625798,
        1.4502280159638479,
        1.4540047748730733,
        1.457179626593223,
        1.4473609018784304,
        1.4528843405155034,
        1.4493970252000368,
        1.4528582990169525,
        1.4488891649704714,
        1.4519267598023782,
        1.4502997180590262,
        1.4476890506652684,
        1.4477924234591997,
        1.4532665346677487,
        1.4497425945905538
      ],
      "val_accuracies": [
        85.02854567307692,
        90.75270432692308,
        92.08984375,
        92.7734375,
        93.24669471153847,
        93.5321514423077,
        93.84014423076923,
        93.98287259615384,
        93.89272836538461,
        94.04296875,
        94.29837740384616,
        94.2608173076923,
        94.29837740384616,
        94.3359375,
        94.0204326923077,
        93.97536057692308,
        94.47866586538461,
        94.59885817307692,
        94.39603365384616,
        94.51622596153847,
        94.43359375,
        94.44110576923077,
        94.65895432692308,
        94.62139423076923,
        94.64393028846153,
        94.64393028846153,
        94.75661057692308,
        94.54627403846153,
        94.75661057692308,
        94.54627403846153,
        94.7040264423077,
        94.62890625,
        94.71905048076923,
        94.6514423076923,
        94.68149038461539,
        94.64393028846153,
        94.76412259615384,
        94.67397836538461,
        94.7040264423077,
        94.67397836538461
      ],
      "test_accuracy": 94.81154580152672,