{
  "model_type": "graphidyom",
  "config": {
    "k_folds": 5,
    "batch_size": 128,
    "epochs": 50,
    "learning_rate": 0.0005,
    "vocab_size": 3562,
    "sequence_length": 5
  },
  "fold_results": [
    {
      "fold": 1,
      "train_losses": [
        3.646469872871428,
        1.8292809997806112,
        1.7046858434762058,
        1.6487046927592832,
        1.6123231667598694,
        1.5845720819541214,
        1.5610612069680794,
        1.5444149092863535,
        1.5280656755425548,
        1.5166641758901775,
        1.504564378097767,
        1.4941947969771523,
        1.4871094405802758,
        1.4783937541279781,
        1.4726329865953092,
        1.4642903465047743,
        1.4596494809361815,
        1.453582550126481,
        1.4492615819280688,
        1.4443224607836502,
        1.4392800331115723,
        1.436259750191492,
        1.4313810646685632,
        1.4284891756132965,
        1.4248899732533908,
        1.4207025678406537,
        1.417999696640568,
        1.4151211236876082,
        1.4123602811313465,
        1.409968640816424,
        1.406972924109937,
        1.4039607536398424,
        1.4023921069601413,
        1.3996602539494445,
        1.3969161668199923,
        1.3949282261858156,
        1.3932597042646724,
        1.3908271983682958,
        1.389365777562896,
        1.38773708489105,
        1.3864050452945798,
        1.3846457398878103,
        1.3836969172074898,
        1.3824505532970865,
        1.3813572697360401,
        1.3805019940432095,
        1.3791986555240232,
        1.3793723487672005,
        1.3790050120147432,
        1.3787071803447248
      ],
      "val_losses": [
        1.9343801560450573,
        1.7351437028573484,
        1.6746620943351669,
        1.6370808932245995,
        1.613688860620771,
        1.5996888431967522,
        1.592505926380352,
        1.5731873202080628,
        1.5687216611541048,
        1.564444472595137,
        1.5595659607527208,
        1.5586128697103383,
        1.5469102920318136,
        1.5451494899331306,
        1.5382842439777997,
        1.5352810195514135,
        1.5310399252541211,
        1.5333558643350795,
        1.540452844634348,
        1.5272207454759248,
        1.5259613966455265,
        1.523468370948519,
        1.5264230899664821,
        1.5194000796395906,
        1.517219995965763,
        1.519661323148377,
        1.5168721493409605,
        1.511567121865798,
        1.5167305572908751,
        1.5186196571710158,
        1.5166159168798097,
        1.5168374789004424,
        1.507981576481644,
        1.5121379774443957,
        1.511550981171277,
        1.510726967028209,
        1.5132860152088865,
        1.5098700918713395,
        1.509827445964424,
        1.5063434492568581,
        1.512461123417835,
        1.5111357892046169,
        1.5089609568216362,
        1.5088521540164948,
        1.5088939672830153,
        1.5106061076631352,
        1.5095931857216114,
        1.5068128048157206,
        1.5078127791686935,
        1.5106197194177278
      ],
      "val_accuracies": [
        82.27838010204081,
        85.13233418367346,
        86.12882653061224,
        87.12531887755102,
        87.75510204081633,
        88.42474489795919,
        88.0859375,
        88.93096301020408,
        88.87515943877551,
        89.11033163265306,
        89.1780931122449,
        89.23788265306122,
        89.51690051020408,
        89.7720025510204,
        89.54480229591837,
        89.51291454081633,
        89.88360969387755,
        89.79591836734694,
        89.77997448979592,
        89.70424107142857,
        89.96332908163265,
        89.91151147959184,
        90.05102040816327,
        90.06696428571429,
        90.27024872448979,
        90.14269770408163,
        90.15864158163265,
        90.20647321428571,
        90.29017857142857,
        90.13472576530613,
        90.33003826530613,
        90.15864158163265,
        90.24633290816327,
        90.31808035714286,
        90.33402423469387,
        90.3499681122449,
        90.25430484693878,
        90.31010841836735,
        90.27024872448979,
        90.29815051020408,
        90.32605229591837,
        90.37786989795919,
        90.36989795918367,
        90.39381377551021,
        90.37388392857143,
        90.37786989795919,
        90.3858418367347,
        90.39381377551021,
        90.37786989795919,
        90.38982780612245
      ],
      "test_accuracy": 90.02869897959184,
      "best_val_loss": 1.5063434492568581,
      "best_val_accuracy": 90.39381377551021,
      "num_epochs": 50
    },
    {
      "fold": 2,
      "train_losses": [
        3.659270052084789,
        1.8397941346690247,
        1.7112380792469772,
        1.6564748103685354,
        1.6163677785536108,
        1.590708174778305,
        1.5668326529837746,
        1.5508288874577627,
        1.5340383648872375,
        1.522529676973668,
        1.5107838866364864,
        1.5004922022649654,
        1.4922018591077577,
        1.4857689218060055,
        1.4789399345412508,
        1.4727937764187198,
        1.46778723635443,
        1.4619665834436586,
        1.4579422931938075,
        1.4535353517411016,
        1.4481564061028964,
        1.4450721276625422,
        1.4402866847339173,
        1.4359214621342473,
        1.4331424623045304,
        1.429747324711797,
        1.4259233788679575,
        1.4227488338188967,
        1.4193749637094162,
        1.4170514454368417,
        1.4138486336812415,
        1.411006991644852,
        1.4079834195493741,
        1.4056080479658286,
        1.403758500671872,
        1.4018099897993734,
        1.399407040375183,
        1.3969840569653886,
        1.3953767262645653,
        1.3938864387628687
      ],
      "val_losses": [
        1.9419973997437223,
        1.741892442411306,
        1.684355776528923,
        1.6347901839382795,
        1.6181049754424972,
        1.60191403420604,
        1.5944892855323092,
        1.578380702709665,
        1.571579278123622,
        1.5649860525617794,
        1.567854988939908,
        1.5509008838205922,
        1.547233053616115,
        1.5461320682447783,
        1.551274841537281,
        1.5548305858154685,
        1.546044943892226,
        1.534921141911526,
        1.5343547670208677,
        1.5303636910964031,
        1.5400057246490402,
        1.521317948492206,
        1.530699226929217,
        1.5177463335650307,
        1.5281898537460639,
        1.5191544665365804,
        1.524187649999346,
        1.5199556356790114,
        1.5195770099454997,
        1.5088959603893513,
        1.5210619173487838,
        1.513605465086139,
        1.5170943140983582,
        1.5181862267912651,
        1.5136809720068563,
        1.5150439009374501,
        1.514619731781434,
        1.5094143067087447,
        1.5158205409439243,
        1.5147686101952378
      ],