{
  "model_type": "graphidyom",
  "config": {
    "k_folds": 5,
    "batch_size": 128,
    "epochs": 50,
    "learning_rate": 0.0005,
    "vocab_size": 3508,
    "sequence_length": 10
  },
  "fold_results": [
    {
      "fold": 1,
      "train_losses": [
        3.192365146092431,
        1.5260507078512968,
        1.4233034523712491,
        1.3851884281765465,
        1.3585573559432245,
        1.3392281560183688,
        1.326315615552822,
        1.3154185716521907,
        1.3088720532921658,
        1.3036255706305064,
        1.2980439218455655,
        1.2931261481063414,
        1.2899404771614371,
        1.286415121670632,
        1.2832940567674205,
        1.2801902260683629,
        1.2778245121380096,
        1.2753238173989163,
        1.2727855077585823,
        1.2703061464610226,
        1.2681396957864628,
        1.2661349122498224,
        1.264277619058368,
        1.2627422326068611,
        1.2611807210954973,
        1.2590499465439509,
        1.2573307936723443,
        1.2557288097702954,
        1.2547081221656382,
        1.2531137494326754,
        1.2520067861039255,
        1.251045713000662,
        1.2497233161688224,
        1.2483497235034817,
        1.2474009646640367,
        1.2464827446037448,
        1.2453789426458421,
        1.244673833832168,
        1.2438331632271944,
        1.2425067677698716,
        1.2423798762691933,
        1.241848169548463,
        1.2409703729677126,
        1.2407024144754395,
        1.240154439871099,
        1.2398775948005236,
        1.2395161635790153,
        1.2394276762529395,
        1.2393242150498627,
        1.2391555337191744
      ],
      "val_losses": [
        1.6193455272579786,
        1.4504158652347068,
        1.4281739396338138,
        1.4063681260399197,
        1.3922426234120908,
        1.3793188755556662,
        1.374073452831055,
        1.3789565970438609,
        1.359433108234998,
        1.3519728590983042,
        1.3526078692134123,
        1.3518267936588073,
        1.3499444071550546,
        1.3546724408309652,
        1.3469615671205224,
        1.36735821436651,
        1.3506622743902739,
        1.3527615721921744,
        1.3407892062797309,
        1.345070022973955,
        1.3414718675317232,
        1.3353743938185414,
        1.337695919208645,
        1.3399480825625592,
        1.3326032294990113,
        1.3419064468478563,
        1.3361320140198891,
        1.3335045738990263,
        1.3364913759764678,
        1.3360224132952483,
        1.3297503009345961,
        1.3311439789600255,
        1.3391127867728287,
        1.331664574812658,
        1.3296823886610707,
        1.3352248950034196,
        1.3293799487700373,
        1.33472740650177,
        1.3293151759212802,
        1.3259141437755608,
        1.3244755171840976,
        1.3281897928403772,
        1.33140316216842,
        1.3281256612043204,
        1.32907319661253,
        1.3265138324003043,
        1.329770414725594,
        1.329348215405245,
        1.3269976599616293,
        1.3293273856180796
      ],
      "val_accuracies": [
        92.516708132104,
        94.96072979169716,
        95.33635787111567,
        95.41441045904678,
        95.8729694131421,
        95.91199570710766,
        95.94614371432753,
        96.0729791697156,
        96.01443972876726,
        96.21932777208644,
        96.27786721303478,
        96.41933752865994,
        96.17542319137519,
        96.39006780818576,
        96.28762378652617,
        96.32177179374604,
        96.28274549978048,
        96.31201522025465,
        96.27786721303478,
        96.41445924191424,
        96.52178155031953,
        96.2681106395434,
        96.41933752865994,
        96.46812039611689,
        96.47787696960827,
        96.4632421093712,
        96.29738036001756,
        96.56568613103079,
        96.45348553587979,
        96.60959071174203,
        96.62910385872482,
        96.546172984048,
        96.48763354309966,
        96.59495585150495,
        96.60471242499634,
        96.59495585150495,
        96.60471242499634,
        96.62422557197912,
        96.6388604322162,
        96.61934728523343,
        96.70227815991024,
        96.68276501292746,
        96.66813015269038,
        96.68764329967316,
        96.65837357919898,
        96.66325186594469,
        96.68276501292746,
        96.68276501292746,
        96.68276501292746,
        96.67788672618177
      ],
      "test_accuracy": 96.53449890727443,
      "best_val_loss": 1.3244755171840976,
      "best_val_accuracy": 96.70227815991024,
      "num_epochs": 50
    },
    {
      "fold": 2,
      "train_losses": [
        3.2361300324501,
        1.5352121455807024,
        1.4306085211996356,
        1.3920372417676095,
        1.3639251925458031,
        1.343599204154171,
        1.329251752814711,
        1.3195131332751555,
        1.3101027344764673,
        1.304719782098779,
        1.3000110376643688,
        1.295286460525346,
        1.2915599630701002,
        1.2879578295438412,
        1.285248773890241,
        1.2820357123328818,
        1.2799457043827789,
        1.2760593935777542,
        1.2746036800319058,
        1.272053553422044,
        1.2699828847150163,
        1.2674541406438058,
        1.2660128871289877,
        1.2640526010168138,
        1.2626625161833027,
        1.2612811936975084,
        1.2590007614605885,
        1.257973541335643,
        1.25607093020274,
        1.2544372200779907,
        1.253215534638689,
        1.2521586773362063,
        1.2509131426000373
      ],
      "val_losses": [
        1.6545188071564858,
        1.478244067719264,
        1.437628702347323,
        1.4253488216340913,
        1.4058264523559476,
        1.3914822680609567,
        1.3809445089434984,
        1.3749915398425938,
        1.3803272972936216,
        1.3645739059270539,
        1.377720983132072,
        1.3686560281315205,
        1.3651319993949085,
        1.3637218319851419,
        1.3578198696515575,
        1.3501600175170425,
        1.3498146793116694,
        1.3485349024304691,
        1.3624816103751616,
        1.3529495023052145,
        1.3531053932557195,
        1.353755147560783,
        1.3376874960727574,
        1.3493853089231882,
        1.344691538662644,
        1.348796383934732,
        1.3411387368018584,
        1.3462759700621136,
        1.3411138753713288,
        1.3496428646656298,
        1.3403345168747516,
        1.3499864828512536,
        1.3410489388874598
      ],
      "val_accuracies": [
        92.15571491292258,
        94.43875310990781,
        94.93633835796868,
        95.61929850236596,
        95.71686423727986,
        95.76076881799112,
        95.91687399385336,
        95.85345626615933,
        96.13639689740963,
        95.99004829503878,
        96.09249231669837,
        96.18030147812088,
        96.00956144202156,
        96.19981462510367,
        96.25347577930631,
        96.23396263232353,
        96.22420605883214,
        96.15591004439241,
        96.27786721303478,
        96.24371920581491,
        96.39006780818576,
        96.3461632274745,
        96.28762378652617,
        96.30225864676326,
        96.32177179374604,
        96.27786721303478,
        96.33152836723742,
        96.32177179374604,
        96.34128494072881,
        96.38031123469437,
        96.37543294794868,
        96.3607980877116,
        96.4486072491341
      ],
      "test_accuracy": 96.66328442085545,
      "best_val_loss": 1.3376874960727574,
      "best_val_accuracy": 96.4486072491341,
      "num_epochs": 33
    },
    {
      "fold": 3,