{
  "model_type": "graphidyom",
  "config": {
    "k_folds": 5,
    "batch_size": 128,
    "epochs": 50,
    "learning_rate": 0.0005,
    "vocab_size": 3548,
    "sequence_length": 10
  },
  "fold_results": [
    {
      "fold": 1,
      "train_losses": [
        3.733653056842895,
        1.8061643551135886,
        1.6713236636761328,
        1.6203388450000267,
        1.585133589547256,
        1.5608836371323158,
        1.539601338320765,
        1.5232890676756436,
        1.5092943410342188,
        1.497062915041845,
        1.4873920160516187,
        1.4770746289577028,
        1.4689820993800378,
        1.4604228817183396,
        1.4537638775233566,
        1.4470645676240996,
        1.4414313826067695,
        1.4355413142186577,
        1.430956136958985,
        1.4255902792477797,
        1.4199794135612265,
        1.4163378752194917,
        1.4115484774270803,
        1.407865129984342,
        1.4037822816985355,
        1.399273218621626,
        1.3963331159609382,
        1.3923238326130876,
        1.3902126196524824,
        1.3866941388152956,
        1.3835704497380346,
        1.3796469183436124,
        1.3775308832565734,
        1.3754876915276524,
        1.3724448204989141
      ],
      "val_losses": [
        1.9852993241015902,
        1.7263115866387144,
        1.6613668247740319,
        1.6274250676023199,
        1.623513659264179,
        1.5960644413816167,
        1.5774680052665955,
        1.5771918797746618,
        1.573974424220146,
        1.5719417289216469,
        1.5534143447875977,
        1.5525516791546599,
        1.5452825813851458,
        1.5399542634791517,
        1.549187350146314,
        1.5480012037652604,
        1.5384219929258873,
        1.5362269237954567,
        1.5476644578132224,
        1.5372778329443424,
        1.5314922497627583,
        1.5453299956118807,
        1.5338073848409857,
        1.5451868753483955,
        1.52654167692712,
        1.5297702715751973,
        1.5360152201449617,
        1.5276772874466917,
        1.5340466049123318,
        1.5358427680553275,
        1.5402860527342939,
        1.5410144310048286,
        1.529686077478084,
        1.531499425781534,
        1.538975515898238
      ],
      "val_accuracies": [
        82.82496675531915,
        85.53856382978724,
        86.41539228723404,
        87.1592420212766,
        87.48753324468085,
        87.91971409574468,
        88.54720744680851,
        88.26878324468085,
        89.14561170212765,
        89.05834441489361,
        89.10405585106383,
        89.53623670212765,
        89.52376994680851,
        89.60272606382979,
        89.76894946808511,
        89.6983045212766,
        89.71492686170212,
        89.68999335106383,
        89.81881648936171,
        89.70661569148936,
        89.9891954787234,
        89.68999335106383,
        89.75648271276596,
        89.83128324468085,
        90.0889295212766,
        89.86452792553192,
        89.85621675531915,
        89.87699468085107,
        89.78972739361703,
        89.94763962765957,
        89.81050531914893,
        89.89777260638297,
        89.95595079787235,
        89.96841755319149,
        90.00581781914893
      ],
      "test_accuracy": 90.19281914893617,
      "best_val_loss": 1.52654167692712,
      "best_val_accuracy": 90.0889295212766,
      "num_epochs": 35
    },
    {
      "fold": 2,
      "train_losses": [
        3.646830227710208,
        1.7910289696420219,
        1.665635075588125,
        1.6153447390867481,
        1.5803762351802553,
        1.5576194518440913,
        1.536143384340271,
        1.522014710093683,
        1.5067239449574397,
        1.4954998167503417,
        1.482414438806731,
        1.4754664537444988,
        1.4666473541398897,
        1.4580507797018603,
        1.4518072009086609,
        1.4453707103387747,
        1.4395958982032553,
        1.4341444796845515,
        1.4288724782612343,
        1.4231337629831755,
        1.4191592016333927,
        1.4139649651411041,
        1.4099392856147623,
        1.4054202323567013,
        1.4014031806422165,
        1.3989494945705727,
        1.393736706646431,
        1.3907539977319046,
        1.387575221472773,
        1.3843785568636988,
        1.3810629726088648,
        1.3786275238193948,
        1.3801464349901011,
        1.373122156773069,
        1.370832068692468,
        1.368733602430207,
        1.3663281444213118,
        1.3640377912028083,
        1.3622826766272123
      ],
      "val_losses": [
        1.9430264088701694,
        1.71567728100939,
        1.6702258085950892,
        1.6301675476926438,
        1.6228108184134706,
        1.5775933227640517,
        1.5842358482644914,
        1.581835462057844,
        1.5571238037119521,
        1.5742060713311459,
        1.559005208471988,
        1.5444649014067142,
        1.555105464889648,
        1.5459049014334982,
        1.552282303571701,
        1.5406071340784113,
        1.5430451973955681,
        1.5415582530041958,
        1.5436817179334925,
        1.5410528664893293,
        1.5356570285685518,
        1.531767191404992,
        1.5366154782315518,
        1.5365796653514212,
        1.5316976118595043,
        1.5409726475147492,
        1.5411043281250811,
        1.5382158191914255,
        1.5255093479410131,
        1.5343869391908036,
        1.5373043494021639,
        1.5429687912159777,
        1.5362868841658248,
        1.5406028596644705,
        1.532469168622443,
        1.5474638317493683,
        1.5398141215456294,
        1.533276620697468,
        1.5414048763031656
      ],
      "val_accuracies": [
        83.09923537234043,
        85.77127659574468,
        85.99983377659575,
        87.27975398936171,
        87.6454454787234,
        88.66771941489361,
        88.37267287234043,
        88.72589760638297,
        89.14145611702128,
        89.27027925531915,
        89.3533909574468,
        89.54039228723404,
        89.34507978723404,
        89.55701462765957,
        89.66090425531915,
        89.91855053191489,
        89.91023936170212,
        89.7481715425532,
        89.92270611702128,
        89.97672872340425,
        90.10139627659575,
        89.88115026595744,
        90.04737367021276,
        89.85621675531915,
        90.05152925531915,
        90.04737367021276,
        90.0889295212766,
        90.12217420212765,
        90.0390625,
        90.14295212765957,
        90.00581781914893,
        90.09308510638297,
        90.18035239361703,
        90.17619680851064,
        90.06815159574468,
        90.11386303191489,
        90.1387965425532,
        90.15541888297872,
        90.20528590425532
      ],
      "test_accuracy": 90.17287234042553,
      "best_val_loss": 1.5255093479410131,
      "best_val_accuracy": 90.20528590425532,
      "num_epochs": 39
    },
    {
      "fold": 3,
      "train_losses": [
        3.6517011853681,
        1.7972230655128822,
        1.6668785799403405,
        1.6146682121393219,
        1.5819556630890945,
        1.5583878635411554,
        1.5376492876272936,
        1.5232557047267175,
        1.509237361049146,
        1.4972431144284317,
        1.485622462132249,
        1.477145913267009,
        1.4678462770636582,
        1.461734659317634,
        1.4540690798658276,
        1.4472972396514143,
        1.440901050517034,
        1.4361055120232884,
        1.4304423623122966,
        1.4246325551356813,
        1.4207972473111645,
        1.4164764596549522,
        1.4117688653639837,
        1.4081627041971019,
        1.4037007357460751,
        1.399497912164076,
        1.3956051666477314,
        1.3928295060873663,
        1.3891304125836421,
        1.3861978280133214,
        1.3827194318531046,
        1.3801389442514678,
        1.3776096442333898,
        1.3750947756539604,
        1.3722226694028636,
        1.3696495942791198,
        1.3679687235336404
      ],