{
  "model_type": "graphidyom",
  "config": {
    "k_folds": 5,
    "batch_size": 128,
    "epochs": 50,
    "learning_rate": 0.0005,
    "vocab_size": 3484,
    "sequence_length": 10
  },
  "fold_results": [
    {
      "fold": 1,
      "train_losses": [
        3.1727239055487946,
        1.5372666768445313,
        1.433396743454096,
        1.3921224171878728,
        1.3662049067839412,
        1.3455826679258855,
        1.330122477225675,
        1.32015072789811,
        1.3124618237255183,
        1.3061153963321948,
        1.3013768998721174,
        1.2986480969509095,
        1.2933405084464387,
        1.2906198128489137,
        1.287116768705936,
        1.2842555570238419,
        1.2802146514863457,
        1.2785921493559393,
        1.2765304126812302,
        1.2736876493191902,
        1.2718553108113413,
        1.2696923423359412,
        1.2671486594294774,
        1.2654392799348322,
        1.2641333272438924,
        1.2618361904420925,
        1.2608505616661247,
        1.2589119447096613,
        1.2580801810927063,
        1.2565294174747612,
        1.2549913775829868,
        1.2541634410392237
      ],
      "val_losses": [
        1.6584699790170587,
        1.4677344721519143,
        1.4347656716598323,
        1.4110414916020961,
        1.3885042557687115,
        1.384611338925508,
        1.3838455603897937,
        1.3731203583851914,
        1.3583309979526543,
        1.3559611063062047,
        1.3504183248508197,
        1.3514401013134447,
        1.3645367892973261,
        1.3447820701482105,
        1.35326280915664,
        1.3446472861284127,
        1.3558685706437,
        1.3432002301596424,
        1.3462979954444558,
        1.34211191736116,
        1.3517174815839053,
        1.32750771016431,
        1.33825719649075,
        1.3350488656868964,
        1.3390887441810655,
        1.335162690080748,
        1.332328202534307,
        1.3351301613029527,
        1.3349078623063726,
        1.331003523311732,
        1.3309265470212222,
        1.3389577229330145
      ],
      "val_accuracies": [
        91.89033742331289,
        94.60314417177914,
        95.09681748466258,
        95.7726226993865,
        95.96913343558282,
        95.95954754601227,
        96.02664877300613,
        95.97871932515338,
        96.15605828220859,
        96.18960889570552,
        96.4532208588957,
        96.34777607361963,
        96.34777607361963,
        96.42925613496932,
        96.52511503067484,
        96.51073619631902,
        96.3333972392638,
        96.47718558282209,
        96.52032208588957,
        96.3957055214724,
        96.50115030674847,
        96.57783742331289,
        96.53949386503068,
        96.5538726993865,
        96.6545245398773,
        96.58742331288343,
        96.59700920245399,
        96.56825153374233,
        96.56825153374233,
        96.50594325153374,
        96.53949386503068,
        96.60180214723927
      ],
      "test_accuracy": 96.51118259803921,
      "best_val_loss": 1.32750771016431,
      "best_val_accuracy": 96.6545245398773,
      "num_epochs": 32
    },
    {
      "fold": 2,
      "train_losses": [
        3.1866783451488,
        1.5354112912680355,
        1.4334657385149074,
        1.393730672261187,
        1.3663079239939915,
        1.3455497496000683,
        1.331445389849539,
        1.3206867929633337,
        1.3134887662552694,
        1.306462485917652,
        1.3014679377315608,
        1.2980000171952575,
        1.294086458664814,
        1.2909272053769527,
        1.2871189028252172,
        1.2844836129487016,
        1.2810872132541569,
        1.2789877008845787,
        1.2761740933847792,
        1.274440869666238,
        1.2715945922691403,
        1.2701113305929053,
        1.2684083676520195,
        1.2658811980531415,
        1.2648209045861514,
        1.2625916693956798,
        1.2610963220814713,
        1.2591689710398666,
        1.2581507167743362,
        1.2564736593770618,
        1.2552519057543223,
        1.2542557614450236,
        1.2532500611006758,
        1.2519987053543558,
        1.2510151490000367,
        1.2497448708264882,
        1.2489118486870336,
        1.2480101621787967,
        1.2471916482648777,
        1.2468978563337836,
        1.245691633952483,
        1.2450684043287321,
        1.2445186016213803,
        1.2437946137581162,
        1.2434774679082041,
        1.2431840205010567,
        1.242756679403873
      ],
      "val_losses": [
        1.642355583928114,
        1.4867095179353023,
        1.460481932558165,
        1.4289487358982578,
        1.3938709987453157,
        1.4005845807081352,
        1.3820263556907513,
        1.3724199226297484,
        1.370099134971759,
        1.3674378234184592,
        1.369907762375346,
        1.3706624427456067,
        1.3679310529509936,
        1.3517424972510776,
        1.3670801524004321,
        1.3538218882917628,
        1.3537945674240954,
        1.3555589256111098,
        1.3510814407851799,
        1.3542878357179327,
        1.3519941970614568,
        1.3543043363313734,
        1.3561024724340147,
        1.3537375180999194,
        1.3488727230235842,
        1.3444482373313669,
        1.352250184749533,
        1.3534265778547416,
        1.3535958126278742,
        1.3439938458928302,
        1.3438105488116026,
        1.3446811379099184,
        1.3455908854314886,
        1.343739587105125,
        1.340105226434813,
        1.342411536380557,
        1.3376344296098486,
        1.344704208929846,
        1.3457741452141043,
        1.3421096589667665,
        1.3446093614847383,
        1.3405005339464526,
        1.3396952400909612,
        1.3419733778830687,
        1.3413967362210795,
        1.3411079103961312,
        1.339155921175436
      ],
      "val_accuracies": [
        92.03891871165644,
        94.55521472392638,
        94.9722009202454,
        95.68634969325153,
        95.98351226993866,
        95.8541027607362,
        96.1944018404908,
        96.27588190184049,
        96.19919478527608,
        96.06499233128834,
        96.1752300613497,
        96.26150306748467,
        96.32381134969326,
        96.41008435582822,
        96.37174079754601,
        96.34298312883436,
        96.37653374233129,
        96.32381134969326,
        96.38132668711657,
        96.43884202453988,
        96.50115030674847,
        96.4340490797546,
        96.45801380368098,
        96.5155291411043,
        96.45801380368098,
        96.55866564417178,
        96.54907975460122,
        96.46759969325153,
        96.56345858895706,
        96.53949386503068,
        96.58263036809817,
        96.56345858895706,
        96.55866564417178,
        96.5155291411043,
        96.59700920245399,
        96.5730444785276,
        96.58263036809817,
        96.56825153374233,
        96.56825153374233,
        96.56825153374233,
        96.56345858895706,
        96.56825153374233,
        96.57783742331289,
        96.57783742331289,
        96.57783742331289,
        96.58742331288343,
        96.56345858895706
      ],
      "test_accuracy": 96.82904411764706,
      "best_val_loss": 1.3376344296098486,
      "best_val_accuracy": 96.59700920245399,
      "num_epochs": 47
    },
    {
      "fold": 3,