{
  "model_type": "graphidyom",
  "config": {
    "k_folds": 5,
    "batch_size": 128,
    "epochs": 50,
    "learning_rate": 0.0005,
    "vocab_size": 3602,
    "sequence_length": 10
  },
  "fold_results": [
    {
      "fold": 1,
      "train_losses": [
        2.2745732454287158,
        1.4389838779836042,
        1.3829467626003977,
        1.354879984968839,
        1.338860894439428,
        1.3287470538806276,
        1.3200609014299827,
        1.3141207083361366,
        1.3087507135898546,
        1.304244466692808,
        1.3004861760995625,
        1.2968348216081782,
        1.2938039413110847,
        1.2906834130887932,
        1.2885119306990378,
        1.2857933074907058,
        1.2835384023240335,
        1.2818208610728536,
        1.2796303262379716,
        1.278327366308838,
        1.2760873032428837,
        1.2744433802217516,
        1.2730941190562883,
        1.27164062942881,
        1.270165764915457,
        1.2690735909536852,
        1.267897854182173,
        1.2665153410256236,
        1.265459384921115,
        1.2641620059892744,
        1.2634082395567519,
        1.2621201910191895,
        1.261579334989816,
        1.2603227936924049,
        1.259433464023012,
        1.2587909244286601,
        1.2581547987729547,
        1.257297991545405,
        1.2565948017036777
      ],
      "val_losses": [
        1.4723654045675794,
        1.394595498586223,
        1.3669776173983756,
        1.3567743472519291,
        1.3374617836481173,
        1.3260059646736386,
        1.3263854452583332,
        1.315835857913442,
        1.3208061070917876,
        1.3101537436464408,
        1.308613592690795,
        1.3095718752728762,
        1.3124375050375352,
        1.3119744143636847,
        1.3128040306759576,
        1.2977885628558714,
        1.2936137540497048,
        1.3005257778214132,
        1.3009537261187885,
        1.300704028774642,
        1.2963435745587315,
        1.3085014477843495,
        1.299224310837813,
        1.3042734069545774,
        1.3037964352145972,
        1.3060999502520783,
        1.293304160563615,
        1.298438888106613,
        1.2895855166906278,
        1.3019334182251978,
        1.295837783755467,
        1.3048166547088438,
        1.297377269633495,
        1.2942740531443389,
        1.2999860393449918,
        1.3008673150463985,
        1.2971014233981315,
        1.3003684969714089,
        1.2968630587677596
      ],
      "val_accuracies": [
        94.47604192425482,
        95.36246219398528,
        95.70105191074927,
        95.8988796104316,
        95.95023872477222,
        96.06056571113352,
        96.03583724867322,
        96.21654524357535,
        96.40295980673756,
        96.43339483745791,
        96.36111163949707,
        96.39535104905747,
        96.42768826919784,
        96.47143862585837,
        96.46002548933822,
        96.48094957295848,
        96.64263567366038,
        96.57796123337963,
        96.59888531699987,
        96.66546194670065,
        96.62932034772022,
        96.59888531699987,
        96.62932034772022,
        96.62361377946016,
        96.63692910540031,
        96.70540792452113,
        96.65975537844058,
        96.63312472656027,
        96.7206254398813,
        96.7035057351011,
        96.67307070438075,
        96.74154952350155,
        96.70921230336117,
        96.6863860303209,
        96.74535390234159,
        96.7700823648019,
        96.75866922828175,
        96.73394076582146,
        96.73964733408152
      ],
      "test_accuracy": 96.80281218613995,
      "best_val_loss": 1.2895855166906278,
      "best_val_accuracy": 96.7700823648019,
      "num_epochs": 39
    },
    {
      "fold": 2,
      "train_losses": [
        2.2822837148290254,
        1.436775041801931,
        1.3813023651364513,
        1.3533304542284947,
        1.3380523020366453,
        1.3275245809003628,
        1.3194120602134662,
        1.3131778946898003,
        1.3077796593136128,
        1.3034076337326757,
        1.2996896920375394,
        1.295708671620323,
        1.2930282927546208,
        1.2903545322174426,
        1.2875126521905167,
        1.2851600675995003,
        1.2825318505977321,
        1.28094508070374,
        1.2793039869986433,
        1.2772628524574796,
        1.2756752356914072,
        1.274046271803607,
        1.2724768579260142,
        1.2711628265520167,
        1.2696863046449927,
        1.2684531816968958,
        1.267205025100592,
        1.2658042005845416,
        1.265075225185782,
        1.2637772785042816,
        1.2627775230860463,
        1.2617395019937563,
        1.260631542559883,
        1.259973452066548,
        1.259161092853372
      ],
      "val_losses": [
        1.456082560430188,
        1.3976487753745124,
        1.3641228942685464,
        1.3453947827763801,
        1.3535023127159063,
        1.3272585657101188,
        1.320827654678456,
        1.3226559295561482,
        1.3206034539099738,
        1.3179903126110997,
        1.3146828308592748,
        1.3156461474959287,
        1.3139923686238681,
        1.3224364478512691,
        1.3039220110343321,
        1.3063471369499708,
        1.307691619924095,
        1.2990886149905314,
        1.304133028009512,
        1.3058968295146078,
        1.2990494798279737,
        1.3051370820279828,
        1.3040841597420165,
        1.299861344397793,
        1.292019131699908,
        1.2994336687445351,
        1.3002757982616007,
        1.3010450705994654,
        1.3101347621049904,
        1.3063206228896649,
        1.3074705371601447,
        1.3040692643817613,
        1.3020021460062106,
        1.3010377970925213,
        1.302350106030485
      ],
      "val_accuracies": [
        94.40375872629396,
        95.43474539194612,
        95.85703144319112,
        96.02822849099313,
        96.01301097563295,
        96.29263282037626,
        96.19562115995511,
        96.0586635217135,
        96.18230583401495,
        96.26980654733599,
        96.47143862585837,
        96.35540507123699,
        96.34208974529683,
        96.44290578455802,
        96.42959045861787,
        96.45431892107815,
        96.49616708831866,
        96.55703714975937,
        96.61600502178007,
        96.46763424701832,
        96.56845028627951,
        96.5760590439596,
        96.58556999105971,
        96.63312472656027,
        96.58747218047974,
        96.61410283236005,
        96.63883129482033,
        96.60459188525994,
        96.65595099960053,
        96.61220064294002,
        96.60649407467996,
        96.56274371801943,
        96.66736413612068,
        96.68067946206084,
        96.67307070438075
      ],
      "test_accuracy": 96.77389901695224,
      "best_val_loss": 1.292019131699908,
      "best_val_accuracy": 96.68067946206084,
      "num_epochs": 35
    },
    {
      "fold": 3,
      "train_losses": [
        2.282749277168269,
        1.4357152651231317,
        1.380850422694345,
        1.3524346862416838,
        1.3367847989988415,
        1.3263928150158428,
        1.318929718096519,
        1.3123835539280897,
        1.3074599962298346,
        1.3031341219848056,
        1.2991649830987086,
        1.2952148663293859,
        1.2922516921200697,
        1.2897974079292283,
        1.2869892742165108,
        1.284562014836911,
        1.282672617468831,
        1.280165050280798,
        1.2786174101286811,
        1.276581809278385,
        1.2753950113649422,
        1.273474900590452,
        1.2721537805082446,
        1.270700436790615,
        1.2692316523138083,
        1.2678694047364822,
        1.2665358974087624,
        1.265349080050347,
        1.2644855303511848,
        1.2633087645198104,
        1.2622100487759544,
        1.2613225692811711,
        1.2605189583465521,
        1.259184014194997,
        1.2587963708348195,
        1.2579126016294093,
        1.2570981155861025,
        1.256366671473967,
        1.255787878593728
      ],