{
  "model_type": "graphidyom",
  "config": {
    "k_folds": 5,
    "batch_size": 128,
    "epochs": 50,
    "learning_rate": 0.0005,
    "vocab_size": 3606,
    "sequence_length": 10
  },
  "fold_results": [
    {
      "fold": 1,
      "train_losses": [
        2.605649438243909,
        1.6607504736204617,
        1.5948912000558415,
        1.5596786573162822,
        1.5368688838770155,
        1.519339017997511,
        1.5063024827691376,
        1.4966837060256082,
        1.4877877963370965,
        1.4801486199263667,
        1.4730888847567019,
        1.4675185325570772,
        1.4611971024118486,
        1.4556436624805458,
        1.4505427516386158,
        1.4455690755218755,
        1.4407848418369644,
        1.4358885101363308,
        1.4319566918201134,
        1.4277886987098904,
        1.4240605167311724,
        1.4199602697349962,
        1.4165584732640961,
        1.4130211945195668,
        1.40987656045644,
        1.406873284976502
      ],
      "val_losses": [
        1.6742824577405804,
        1.5897140112079557,
        1.5619099303835728,
        1.530067342470904,
        1.5219314159428488,
        1.507077840019445,
        1.5031911315488033,
        1.4932084015158356,
        1.4922821856424457,
        1.4801272916012123,
        1.4827719706980909,
        1.4830168734808438,
        1.4849880997274743,
        1.4723199034323458,
        1.4831715162660255,
        1.466824705239202,
        1.4721074138508468,
        1.478125252684609,
        1.4734997937425238,
        1.4713103155620764,
        1.4770828382890733,
        1.4741000266837292,
        1.4742386397279676,
        1.473360484740773,
        1.479573028009446,
        1.4717627600079677
      ],
      "val_accuracies": [
        85.36104927694058,
        87.17550405970245,
        88.23246801082587,
        89.03640119789247,
        89.32466409365341,
        89.6625722659065,
        89.11807568502475,
        89.99407459603158,
        90.13660458338005,
        90.23589513636436,
        90.33999007094471,
        90.32877984722066,
        90.4024470316929,
        90.29354771551655,
        90.59462229553353,
        90.61063690085358,
        90.47611421616514,
        90.5577887032974,
        90.48572297935718,
        90.64426757202568,
        90.65868071681373,
        90.68430408532582,
        90.70192015117787,
        90.8060150857582,
        90.73234790128598,
        90.84284867799433
      ],
      "test_accuracy": 90.99970532843068,
      "best_val_loss": 1.466824705239202,
      "best_val_accuracy": 90.84284867799433,
      "num_epochs": 26
    },
    {
      "fold": 2,
      "train_losses": [
        2.621094393131674,
        1.658481722972432,
        1.5922405513339355,
        1.5564305411010493,
        1.5320123039552422,
        1.514885127910825,
        1.5018287553894716,
        1.4918891319730243,
        1.4831923476618822,
        1.4823394061112014,
        1.468805578766299,
        1.4622910308544752,
        1.4557541383460897,
        1.450704626006181,
        1.4450359952132232,
        1.4406446659418404,
        1.4358767201421692,
        1.4305773068402634,
        1.4274011161483702,
        1.4227848880481524,
        1.41879917094942,
        1.4149642085320637,
        1.4111478861848838,
        1.4079819855997797,
        1.4048931820348638,
        1.4014865405491141,
        1.3990028793694542,
        1.3961526350896867,
        1.393329917834919
      ],
      "val_losses": [
        1.6719829154307726,
        1.5990340040355433,
        1.5618440611440627,
        1.5446502602979786,
        1.5194655163366286,
        1.5101074368738738,
        1.4986688443383231,
        1.4988143966823329,
        1.4889997825270793,
        1.4889615332005455,
        1.4836203521880946,
        1.4853928907484304,
        1.4894683424566613,
        1.4767089283368626,
        1.4859569947250555,
        1.4849172109951738,
        1.485716813411869,
        1.4841006290717202,
        1.4702206845166252,
        1.4772104598948212,
        1.4736942981110244,
        1.48093915400935,
        1.4796356678497595,
        1.4757579948569908,
        1.483855264108689,
        1.4828084910013637,
        1.47805291072267,
        1.4740951339729498,
        1.4719637642141248
      ],
      "val_accuracies": [
        85.73739250196179,
        86.94169082202968,
        87.91057444389283,
        88.7689572890476,
        89.17252534311292,
        89.59210800249828,
        89.64335473952245,
        89.51844081802604,
        89.7858847268709,
        90.05332863571577,
        90.24870682062041,
        90.15101772816809,
        90.37682366318082,
        90.21988053104431,
        90.09977099114393,
        90.45049084765306,
        90.46009961084509,
        90.33358422881668,
        90.52896241372132,
        90.46490399244111,
        90.56259308489342,
        90.59302083500152,
        90.65227487468572,
        90.51134634786926,
        90.59141937446951,
        90.60423105872556,
        90.58020915074547,
        90.56579600595744,
        90.66828948000577
      ],
      "test_accuracy": 90.5141378294236,
      "best_val_loss": 1.4702206845166252,
      "best_val_accuracy": 90.66828948000577,
      "num_epochs": 29
    },
    {
      "fold": 3,
      "train_losses": [
        2.6201540215826427,
        1.6613175411571244,
        1.5948488366652707,
        1.559493313192344,
        1.534825757756585,
        1.517497333102539,
        1.5045467474055094,
        1.4944402344036298,
        1.4858793725000052,
        1.4775764333908674,
        1.470902296668682,
        1.464738326238804,
        1.4588491874517964,
        1.45265958055121,
        1.4480479134277242,
        1.4428276654760368,
        1.4375808016687144,
        1.433912045093345,
        1.429213459801967,
        1.425105832883569,
        1.4211212351429658,
        1.417576580995419,
        1.413783775978401,
        1.4102863957647418,
        1.40748278460786,
        1.4039246641465875,
        1.4012135049847305,
        1.3985813088470795
      ],
      "val_losses": [
        1.6792750825158884,
        1.5890801224063655,
        1.5525670227457264,
        1.5332389825680217,
        1.5224942093501326,
        1.5116754315915655,
        1.5043082391140892,
        1.4945960728848566,
        1.4908323942637833,
        1.4923251190635025,
        1.491602107393937,
        1.4879807439006743,
        1.4918612815806123,
        1.4783455152980616,
        1.4788515653278007,
        1.4752345581035144,
        1.4757050493212998,
        1.4658813488776568,
        1.4689874834701664,
        1.487634611178617,
        1.4748401461077518,
        1.4901774701524952,
        1.4865069980504082,
        1.482898014002159,
        1.471734166389606,
        1.486903311776333,
        1.4705234585238285,
        1.4727285245402915
      ],
      "val_accuracies": [
        85.04556155213555,
        87.35006325769102,
        88.11075701039348,
        88.77536313117564,
        89.12608298768477,
        89.3839181333376,
        89.64175327899044,
        89.73463798984675,
        89.98126291177554,
        90.23589513636436,
        90.29835209711257,
        90.29514917604855,
        90.56419454542542,
        90.41045433435293,
        90.47130983456913,
        90.60102813766154,
        90.56739746648944,
        90.62505004564163,
        90.53536825584933,
        90.66188363787775,
        90.73234790128598,
        90.73394936181798,
        90.70832599330589,
        90.60903544032158,
        90.75156542767003,
        90.71793475649793,
        90.83964575693032,
        90.76117419086206
      ],
      "test_accuracy": 90.83699537493754,
      "best_val_loss": 1.4658813488776568,
      "best_val_accuracy": 90.83964575693032,
      "num_epochs": 28
    },
    {
      "fold": 4,