{
  "model_type": "graphidyom",
  "config": {
    "k_folds": 5,
    "batch_size": 128,
    "epochs": 50,
    "learning_rate": 0.0005,
    "vocab_size": 3541,
    "sequence_length": 10
  },
  "fold_results": [
    {
      "fold": 1,
      "train_losses": [
        4.56750719216268,
        2.0914715569263973,
        1.7711309093824574,
        1.6915475077312476,
        1.6459987770383746,
        1.6180251500975917,
        1.5932975314272722,
        1.5719617279002844,
        1.5580360911022009,
        1.54236206082511,
        1.527510847604011,
        1.5145332580600945,
        1.5026809706294562,
        1.4947990826677748,
        1.4863730786551892,
        1.47600480008653,
        1.4673996549736805,
        1.4592292397554731,
        1.4513654356271448,
        1.4439857356265278,
        1.4380758297995062,
        1.4301396910573396,
        1.425166216654557,
        1.4206604050918363,
        1.4165046054352697,
        1.4110313274970716,
        1.4048750853874314,
        1.4010671250057412,
        1.3979382085608285,
        1.39331900737655,
        1.3904185237539126,
        1.3864726720441516,
        1.3828485455791235
      ],
      "val_losses": [
        2.4887460950882203,
        1.8869042050453924,
        1.7801316159386789,
        1.7457919659153107,
        1.7077255268250742,
        1.7055859767621564,
        1.6890292177277226,
        1.6793444944966225,
        1.6650373647289891,
        1.6660779724198003,
        1.6598574307657057,
        1.6549530067751486,
        1.6627915886140638,
        1.6570458556375196,
        1.663676232099533,
        1.65218190416213,
        1.6433702092016897,
        1.6516828056304687,
        1.6402097373239455,
        1.6434052913419661,
        1.643595234040291,
        1.6446546287305894,
        1.6371201843984666,
        1.6504757125531473,
        1.6505230213365247,
        1.6456001795107318,
        1.6434152482017395,
        1.6474929932625062,
        1.641349962642116,
        1.6461185659131696,
        1.6438437065770548,
        1.6494438330973349,
        1.6478265994979489
      ],
      "val_accuracies": [
        75.44732862903226,
        82.23916330645162,
        83.2976310483871,
        84.2678931451613,
        85.12474798387096,
        85.47757056451613,
        85.82409274193549,
        86.25882056451613,
        86.75025201612904,
        86.47303427419355,
        86.328125,
        86.65574596774194,
        86.88256048387096,
        86.68724798387096,
        86.77545362903226,
        86.96446572580645,
        87.17867943548387,
        87.26058467741936,
        87.43069556451613,
        87.22278225806451,
        87.43069556451613,
        87.47479838709677,
        87.62600806451613,
        87.5882056451613,
        87.26688508064517,
        87.65751008064517,
        87.5882056451613,
        87.6953125,
        87.73311491935483,
        87.66381048387096,
        87.62600806451613,
        87.67641129032258,
        87.70161290322581
      ],
      "test_accuracy": 87.57056451612904,
      "best_val_loss": 1.6371201843984666,
      "best_val_accuracy": 87.73311491935483,
      "num_epochs": 33
    },
    {
      "fold": 2,
      "train_losses": [
        4.6107456218788565,
        2.1202045549569237,
        1.7770914645262168,
        1.6943928430257909,
        1.6482812135032485,
        1.619103079830377,
        1.5949003211929045,
        1.5724678432917452,
        1.5567112347969347,
        1.5421274451902456,
        1.5274864687046534,
        1.515174151186492,
        1.5026429016105607,
        1.492235449718038,
        1.4828084932726393,
        1.474175016405117,
        1.466294298229563,
        1.459181724659634,
        1.450757028591225,
        1.443007516429218,
        1.4363272247659848,
        1.4310067724174178,
        1.4257624597856455,
        1.4197951912640085,
        1.4140689972660672,
        1.4097652041936064,
        1.4061651227459822,
        1.4015063663843412,
        1.3970389224633843,
        1.393577717919225,
        1.3896971422901576,
        1.3870555841227172,
        1.3826883086256339,
        1.379312704026819,
        1.3765937891044846,
        1.3734658692684212,
        1.370410722745976,
        1.3685510808553254,
        1.3654077326507876,
        1.3637500394517987,
        1.361686526409817,
        1.3596093038198214,
        1.3593497446605138,
        1.3564662249755093,
        1.355558082611268
      ],
      "val_losses": [
        2.602381602410347,
        1.9043186758795092,
        1.7851485023575444,
        1.749941490350231,
        1.7223297290263637,
        1.7042948449811628,
        1.6874096393585205,
        1.6859093808358716,
        1.6782715147541416,
        1.6765395056816839,
        1.6740008881015163,
        1.6544144970755423,
        1.6589300584408544,
        1.6630835398550956,
        1.6532743948121225,
        1.6612191104119824,
        1.6465312569372115,
        1.643342605521602,
        1.6572295783027526,
        1.6586987347372117,
        1.6439037486430137,
        1.6391967756132926,
        1.6487662888342334,
        1.643626912947624,
        1.6450103127187299,
        1.6476819688274014,
        1.6474269119001204,
        1.6404977402379435,
        1.6391333370439467,
        1.6411342649690566,
        1.6461268038518968,
        1.6468322700069797,
        1.6441337014398267,
        1.6409883028076542,
        1.631484346043679,
        1.6425599157810211,
        1.6471417421294796,
        1.6402442234177743,
        1.6426970804891279,
        1.6451453431960075,
        1.6449578942791108,
        1.6450278739775381,
        1.6480124487030892,
        1.6426062132081678,
        1.6450957896247986
      ],
      "val_accuracies": [
        74.45186491935483,
        81.06728830645162,
        83.99067540322581,
        83.95287298387096,
        84.70892137096774,
        85.03024193548387,
        85.4460685483871,
        85.80519153225806,
        85.91859879032258,
        86.54233870967742,
        86.15801411290323,
        87.04007056451613,
        86.75655241935483,
        86.53603830645162,
        86.64944556451613,
        86.64314516129032,
        87.22908266129032,
        87.26688508064517,
        87.109375,
        87.17867943548387,
        87.3991935483871,
        87.29208669354838,
        87.33618951612904,
        87.48739919354838,
        87.3991935483871,
        87.38029233870968,
        87.22278225806451,
        87.43069556451613,
        87.43069556451613,
        87.11567540322581,
        87.36769153225806,
        87.38659274193549,
        87.54410282258064,
        87.45589717741936,
        87.54410282258064,
        87.54410282258064,
        87.49369959677419,
        87.5945060483871,
        87.51890120967742,
        87.48739919354838,
        87.44329637096774,
        87.49369959677419,
        87.34248991935483,
        87.34248991935483,
        87.38029233870968
      ],
      "test_accuracy": 87.37903225806451,
      "best_val_loss": 1.631484346043679,
      "best_val_accuracy": 87.5945060483871,
      "num_epochs": 45
    },
    {
      "fold": 3,