{
  "model_type": "graphidyom",
  "config": {
    "k_folds": 5,
    "batch_size": 128,
    "epochs": 50,
    "learning_rate": 0.0005,
    "vocab_size": 3603,
    "sequence_length": 5
  },
  "fold_results": [
    {
      "fold": 1,
      "train_losses": [
        2.2018393026407694,
        1.434624983739001,
        1.381164576210844,
        1.3567338370605617,
        1.3423583759252098,
        1.3317384408110209,
        1.3247776425846474,
        1.3180470675084806,
        1.31346625596301,
        1.3091838494080366,
        1.3047926492412218,
        1.3022543856693591,
        1.2992377611644603,
        1.2963215898163718,
        1.2940948131475567,
        1.2917778280275733,
        1.2897227138329275,
        1.287754260338379,
        1.2857606225098928,
        1.2843447839110105,
        1.282739411190386,
        1.2814718564910765,
        1.279802947090843,
        1.2782746998116206,
        1.2770069518732134,
        1.2759731638154017,
        1.2747895534321239,
        1.2737227429811802,
        1.2726763206749396
      ],
      "val_losses": [
        1.4514173540202053,
        1.402343721358807,
        1.3741504054564935,
        1.3524377294433065,
        1.3343749696558171,
        1.3309933576749,
        1.3257984516424535,
        1.3237015930089084,
        1.3220346495186612,
        1.3138731222648126,
        1.3201565812160443,
        1.31725661914586,
        1.308994198258305,
        1.3128924940055582,
        1.3165329738612814,
        1.3078919878769746,
        1.311840747341965,
        1.3040264757164628,
        1.2990160803774218,
        1.3111339531419597,
        1.304636543447321,
        1.3039223642060251,
        1.3054885188222447,
        1.3069311880962158,
        1.2993714654600466,
        1.3083725022031116,
        1.3076951235403746,
        1.3022684653600056,
        1.3001739132455934
      ],
      "val_accuracies": [
        94.53415938790711,
        95.255264405173,
        95.66321348771075,
        95.6936827137924,
        96.0356151398199,
        95.95097840070417,
        96.0474642832961,
        96.16764845284041,
        96.24043604847992,
        96.34030740063646,
        96.3081454397725,
        96.39616764845285,
        96.41986593540524,
        96.4977317353917,
        96.26921253977926,
        96.36062021802424,
        96.44694969192227,
        96.42325140496988,
        96.51296634843253,
        96.43848601801069,
        96.4740334484393,
        96.5095808788679,
        96.58236847450742,
        96.54174283973187,
        96.55359198320807,
        96.58575394407204,
        96.54005010494956,
        96.60606676145981,
        96.60268129189518
      ],
      "test_accuracy": 96.59958832132604,
      "best_val_loss": 1.2990160803774218,
      "best_val_accuracy": 96.60606676145981,
      "num_epochs": 29
    },
    {
      "fold": 2,
      "train_losses": [
        2.216680703578798,
        1.4343379903110738,
        1.3801440402631444,
        1.3567433087452723,
        1.3423822610908802,
        1.3325488456339853,
        1.3245531161798292,
        1.3191077144454477,
        1.3137345794864648,
        1.3089266912189768,
        1.3053435388615664,
        1.3018615293580258,
        1.299043778283698,
        1.296419433535404,
        1.2943060186403663,
        1.2916617918866482,
        1.2897485850886132,
        1.2876949992512907,
        1.2858085578754261,
        1.2843474666040913,
        1.2829112501872444,
        1.2815588530038071,
        1.2798962859637555,
        1.278325331424079,
        1.2772738077734764,
        1.276063308111706,
        1.2749757291693653,
        1.2737231051269968,
        1.2727799489811813,
        1.2717712000375447,
        1.2709575665597344,
        1.2696735540724602,
        1.2690325862469387,
        1.268309395314554,
        1.2674199573143017,
        1.2667849458225624,
        1.2657818468312798,
        1.2651579240624429,
        1.2645055221491526,
        1.263902838254659,
        1.2631780681703049,
        1.2628296063148983,
        1.2626055489376422
      ],
      "val_losses": [
        1.450831956419594,
        1.390204496455915,
        1.355454787805483,
        1.3509219152070744,
        1.3364895342232346,
        1.3334710845699558,
        1.325238436073452,
        1.322968167918069,
        1.324374503645546,
        1.3241292279520076,
        1.3130418377005177,
        1.3110505435373876,
        1.3155841094590885,
        1.3030058548047945,
        1.3117995117649888,
        1.3053590503089871,
        1.309567112685282,
        1.3063607285549115,
        1.3049906226463648,
        1.303585523392731,
        1.2982665604843207,
        1.3003802054372184,
        1.3004510658127921,
        1.3030848799845873,
        1.3079462182986272,
        1.3004390065804188,
        1.3011343264992619,
        1.307428614659743,
        1.2973549231822357,
        1.30477190688575,
        1.2961374585762684,
        1.2986050782265601,
        1.293206842688771,
        1.2964091943455982,
        1.295438422527148,
        1.2953032655117316,
        1.297130950601586,
        1.301894006791053,
        1.293919573356579,
        1.298697539222189,
        1.2971872795711865,
        1.2963101389088156,
        1.2973227260948776
      ],
      "val_accuracies": [
        94.34795856185252,
        95.2434152616968,
        95.48547633556774,
        95.93066558331641,
        95.9780621572212,
        95.92389464418714,
        96.09655359198321,
        96.14733563545263,
        96.18457580066355,
        96.28952535716704,
        96.26413433543233,
        96.33353646150721,
        96.39786038323516,
        96.31660911368407,
        96.28613988760242,
        96.43002234409913,
        96.43002234409913,
        96.48418985713319,
        96.42832960931682,
        96.49434626582708,
        96.52481549190873,
        96.4621843049631,
        96.53835737016725,
        96.46049157018078,
        96.54343557451419,
        96.57729027016047,
        96.56544112668428,
        96.54682104407881,
        96.6043740266775,
        96.55867018755501,
        96.60098855711287,
        96.58236847450742,
        96.58913941363667,
        96.60775949624212,
        96.61283770058907,
        96.6399214571061,
        96.6043740266775,
        96.59421761798362,
        96.61960863971832,
        96.64838513101768,
        96.6517706005823,
        96.62299410928296,
        96.62637957884759
      ],
      "test_accuracy": 96.61990141379124,
      "best_val_loss": 1.293206842688771,
      "best_val_accuracy": 96.6517706005823,
      "num_epochs": 43
    },
    {
      "fold": 3,
      "train_losses": [
        2.2051437884068967,
        1.4342234203734137,
        1.380573496085344,
        1.3563496149999745,
        1.3423647683700743,
        1.3321434616977998,
        1.3250891014118742,
        1.3192424993613119,
        1.314041364689937,
        1.3099442281526814,
        1.3059674285202976,
        1.3021337771712604,
        1.2995554493386228,
        1.297013549334821,
        1.294406049369023,
        1.292199041176049,
        1.290330210245811,
        1.2881376347673474,
        1.2866988635153531,
        1.2852073302447118,
        1.2834088924322247,
        1.2817850769308365,
        1.280924455565766,
        1.2791355258397432,
        1.277850536055738,
        1.2767830173841475,
        1.2756476420354508,
        1.2746924326493407,
        1.273379133337565,
        1.2726283319330758,
        1.2716059170352747,
        1.2706762914342626,
        1.269551718693265,
        1.2689571529707524,
        1.268079812615771,
        1.2673449051593146,
        1.2666507456582756,
        1.2658863301269416,
        1.2652415145585907,
        1.2646764485204807,
        1.264024391907515
      ],