{
  "model_type": "graphidyom",
  "config": {
    "k_folds": 5,
    "batch_size": 128,
    "epochs": 50,
    "learning_rate": 0.0005,
    "vocab_size": 3562,
    "sequence_length": 10
  },
  "fold_results": [
    {
      "fold": 1,
      "train_losses": [
        3.747020353779217,
        1.7932553236326014,
        1.6655914252939832,
        1.6137499445329042,
        1.583478500108706,
        1.5551759091937558,
        1.536581421804234,
        1.5209083044383387,
        1.5079410304207976,
        1.4960840293477964,
        1.4850932130011323,
        1.4759137056252365,
        1.4696919601031526,
        1.4590445236079244,
        1.4529412997787972,
        1.4460345357858666,
        1.439888516307039,
        1.4355454674569366,
        1.4305161870156733,
        1.4244211912155151,
        1.4191130960974312,
        1.41489199042482,
        1.410510371950944,
        1.4064395306391826,
        1.403328245659858,
        1.3989652231881544,
        1.3951676742677934,
        1.3914680961352677,
        1.387851159155288,
        1.3842252963595345,
        1.3816311262355891,
        1.3780907311627144,
        1.3756044750459482,
        1.3732259179714414,
        1.3711573881889456,
        1.3682161611650174,
        1.3659837736041769,
        1.363848576390436,
        1.3620521646988764,
        1.3597682822834363,
        1.3579852010048876,
        1.3561180375486086,
        1.354926481822776,
        1.3540886752155774,
        1.3521474462351288,
        1.351945096310961
      ],
      "val_losses": [
        1.9497758221367132,
        1.7121547985336054,
        1.6568273901939392,
        1.6350606641043788,
        1.6078705645125846,
        1.591031990621401,
        1.578364558841871,
        1.5786650375179623,
        1.5659214919028075,
        1.5612505149582159,
        1.552958808515383,
        1.5540776673866354,
        1.5479888326447944,
        1.5611040164595065,
        1.5430416121431019,
        1.5469401647215304,
        1.5469393198904784,
        1.542895362428997,
        1.5417203806016757,
        1.5469346363907275,
        1.5353515796039416,
        1.5398379907659863,
        1.5463256511999213,
        1.5511579921712046,
        1.5323746942955514,
        1.541475781927938,
        1.5391518324613571,
        1.5382129187169282,
        1.5407893761344578,
        1.5375354659298193,
        1.5339474593815596,
        1.5334054244601207,
        1.538113102964733,
        1.5319423228502274,
        1.5383805114289988,
        1.5306616250587546,
        1.539131224155426,
        1.541591170689334,
        1.5390898701937303,
        1.5324973191903986,
        1.5344650751870612,
        1.5352262135433115,
        1.535929864515429,
        1.5416657574798749,
        1.5408990758916605,
        1.5375320496766463
      ],
      "val_accuracies": [
        82.86769701086956,
        85.89079483695652,
        87.15608016304348,
        87.67408288043478,
        88.13264266304348,
        88.60818614130434,
        88.62941576086956,
        88.88417119565217,
        89.08797554347827,
        89.29602581521739,
        89.7758152173913,
        89.62720788043478,
        89.6781589673913,
        89.8522418478261,
        89.8734714673913,
        89.86922554347827,
        90.08576766304348,
        90.2640964673913,
        90.13671875,
        90.05180027173913,
        90.11973505434783,
        90.17068614130434,
        90.19616168478261,
        90.2428668478261,
        90.15370244565217,
        90.3235394021739,
        90.3235394021739,
        90.3235394021739,
        90.2640964673913,
        90.29381793478261,
        90.27258831521739,
        90.3405230978261,
        90.19191576086956,
        90.31504755434783,
        90.34901494565217,
        90.3405230978261,
        90.30655570652173,
        90.20040760869566,
        90.18766983695652,
        90.19191576086956,
        90.2046535326087,
        90.28957201086956,
        90.25560461956522,
        90.19191576086956,
        90.24711277173913,
        90.23862092391305
      ],
      "test_accuracy": 89.9898097826087,
      "best_val_loss": 1.5306616250587546,
      "best_val_accuracy": 90.34901494565217,
      "num_epochs": 46
    },
    {
      "fold": 2,
      "train_losses": [
        3.747840804031455,
        1.8032983096677866,
        1.6733301408902275,
        1.6232706379534594,
        1.5877332887947155,
        1.563245747597279,
        1.5432289615576755,
        1.5264590590423937,
        1.513763370798595,
        1.5022236176714645,
        1.4903946862615434,
        1.4816664940951798,
        1.4729258124508076,
        1.4647942168418233,
        1.4575740325402373,
        1.4509441901094393,
        1.445877694857169,
        1.4388450075198709,
        1.4348861876789232,
        1.4291819827365746,
        1.4238859989264603,
        1.4197291139022952,
        1.4148326969858427,
        1.4121198078347028,
        1.4071138945169333,
        1.403170340258522,
        1.398990168338553,
        1.3978787429297148,
        1.3923617554487335,
        1.3891370662031859,
        1.3859161877729191,
        1.3830782610169907,
        1.3797345044978437
      ],
      "val_losses": [
        1.936234305086343,
        1.6990579114012097,
        1.641241961847181,
        1.614807996412982,
        1.6023405388645504,
        1.5779121181239253,
        1.56676976836246,
        1.5680044248052265,
        1.5559428625780602,
        1.547216174395188,
        1.546970018874044,
        1.5392354111308637,
        1.5464012849590052,
        1.5436897653600443,
        1.5367298780576042,
        1.526863879483679,
        1.5354702738316164,
        1.5280078435721605,
        1.5242739987114202,
        1.5328167391859966,
        1.5237958761660948,
        1.53656233523203,
        1.5206937239221905,
        1.5295456285062043,
        1.5227207709913668,
        1.5317540712978528,
        1.526857363788978,
        1.5273421471533568,
        1.5225985931313557,
        1.522096782274868,
        1.5229042755520863,
        1.52459712067376,
        1.5282945691243461
      ],
      "val_accuracies": [
        83.4069293478261,
        85.9672214673913,
        87.09663722826087,
        87.90336277173913,
        88.16236413043478,
        88.9945652173913,
        88.9351222826087,
        89.27055027173913,
        89.56351902173913,
        89.49558423913044,
        89.56351902173913,
        89.75883152173913,
        90.16219429347827,
        89.9329144021739,
        90.35750679347827,
        90.27258831521739,
        90.20889945652173,
        90.52309782608695,
        90.28957201086956,
        90.4296875,
        90.2428668478261,
        90.54008152173913,
        90.51036005434783,
        90.47214673913044,
        90.46790081521739,
        90.57829483695652,
        90.56555706521739,
        90.59103260869566,
        90.67170516304348,
        90.56555706521739,
        90.47214673913044,
        90.57404891304348,
        90.68444293478261
      ],
      "test_accuracy": 90.48573369565217,
      "best_val_loss": 1.5206937239221905,
      "best_val_accuracy": 90.68444293478261,
      "num_epochs": 33
    },
    {
      "fold": 3,